"v_year","v_quarter","grade_2","home_ownership","term","V1"
2016,1,"1","MORTGAGE"," 36 months",15875.2950167058
2015,4,"2","MORTGAGE"," 36 months",13340.3884795713
2014,3,"4","RENT"," 36 months",10254.3896155371
2010,1,"3","OWN"," 36 months",12679.4117647059
2012,3,"4","RENT"," 36 months",12425.9135200974
2010,1,"1","MORTGAGE"," 36 months",8123.27981651376
2010,1,"4","RENT"," 36 months",10653.2303370787
2010,2,"2","RENT"," 36 months",9570.21683673469
2015,2,"1","MORTGAGE"," 36 months",14996.4265850946
2015,1,"1","MORTGAGE"," 60 months",20162.8428927681
2010,3,"2","RENT"," 60 months",11333.2167832168
2015,4,"1","MORTGAGE"," 36 months",15470.4413892909
2015,1,"4","RENT"," 36 months",11051.2119908204
2010,2,"4","RENT"," 60 months",10174.5535714286
2010,1,"1","RENT"," 36 months",7151.21212121212
2016,1,"2","RENT"," 60 months",19300.5912674348
2016,1,"2","MORTGAGE"," 60 months",22084.9719101124
2011,2,"1","MORTGAGE"," 36 months",7912.284144427
2014,4,"1","RENT"," 36 months",12497.4669867947
2015,3,"2","MORTGAGE"," 60 months",20953.0296179064
2015,2,"2","RENT"," 36 months",11332.4210206561
2015,1,"6","RENT"," 60 months",20215.1639344262
2010,1,"3","RENT"," 36 months",10041.4310954064
2010,3,"2","RENT"," 36 months",8314.82919254658
2015,2,"3","RENT"," 36 months",10499.1579426491
2013,4,"4","RENT"," 36 months",9982.3746701847
2015,1,"4","MORTGAGE"," 60 months",20994.9629080119
2015,2,"2","MORTGAGE"," 36 months",13714.6762548038
2010,1,"2","RENT"," 36 months",10173.0434782609
2010,2,"1","RENT"," 36 months",7545.28301886792
2015,1,"1","RENT"," 36 months",13041.7625681405
2014,4,"1","MORTGAGE"," 36 months",14980.0971217921
2010,3,"3","RENT"," 36 months",7596.16724738676
2016,1,"3","RENT"," 36 months",11798.5110006444
2010,3,"2","MORTGAGE"," 36 months",11356.1827956989
2010,1,"2","MORTGAGE"," 36 months",12742.2945205479
2011,1,"4","MORTGAGE"," 36 months",14819.6153846154
2015,1,"1","MORTGAGE"," 36 months",15467.6974279436
2015,4,"2","RENT"," 36 months",11175.52167228
2010,4,"3","RENT"," 36 months",7724.81060606061
2015,1,"3","MORTGAGE"," 36 months",13358.233484456
2015,3,"5","MORTGAGE"," 60 months",21883.0333154218
2010,4,"2","RENT"," 36 months",7683.70786516854
2015,3,"3","RENT"," 36 months",10856.2506481385
2015,4,"5","RENT"," 36 months",10300.1919795222
2016,1,"3","MORTGAGE"," 36 months",14981.9344982336
2015,1,"4","OWN"," 36 months",11979.1617122473
2010,1,"3","MORTGAGE"," 36 months",12026.0204081633
2015,1,"2","MORTGAGE"," 36 months",14074.1055282873
2010,2,"3","RENT"," 36 months",8594.67329545455
2010,1,"4","MORTGAGE"," 36 months",13944.5488721805
2014,4,"3","MORTGAGE"," 60 months",20747.5576092175
2013,1,"2","RENT"," 36 months",13237.3327464789
2010,3,"4","MORTGAGE"," 60 months",12076.2711864407
2010,2,"6","RENT"," 36 months",14300
2014,4,"4","MORTGAGE"," 36 months",14183.5518704204
2016,1,"2","MORTGAGE"," 36 months",14075.3787133583
2016,1,"4","MORTGAGE"," 36 months",15316.9053876478
2015,2,"1","RENT"," 36 months",12877.5992272568
2010,2,"4","RENT"," 36 months",9333.8785046729
2015,2,"3","MORTGAGE"," 36 months",13080.1209451902
2010,2,"1","MORTGAGE"," 36 months",7701.92953020134
2010,1,"5","RENT"," 36 months",11618.5185185185
2015,4,"1","RENT"," 36 months",12932.4187436234
2010,4,"5","RENT"," 60 months",11362.0098039216
2010,3,"1","RENT"," 36 months",7673.59022556391
2010,1,"6","MORTGAGE"," 36 months",19500
2010,4,"2","MORTGAGE"," 36 months",10017.7606177606
2014,3,"3","OWN"," 36 months",11721.2078651685
2015,1,"2","RENT"," 36 months",11468.9057710249
2010,2,"2","MORTGAGE"," 36 months",12542.4471299094
2011,3,"2","RENT"," 36 months",8423.77488514548
2010,3,"3","MORTGAGE"," 60 months",14015.4458598726
2010,1,"4","OWN"," 36 months",11912.5
2012,1,"1","MORTGAGE"," 36 months",11961.3636363636
2013,2,"1","MORTGAGE"," 36 months",15458.724631914
2012,2,"3","OWN"," 60 months",17633.75
2011,1,"1","RENT"," 36 months",7931.36363636364
2010,2,"2","RENT"," 60 months",9860.90909090909
2010,3,"1","MORTGAGE"," 36 months",8328.82947976879
2014,4,"2","RENT"," 36 months",10878.940926893
2011,4,"1","OWN"," 36 months",9366.89655172414
2010,1,"5","MORTGAGE"," 36 months",14887.7906976744
2010,2,"1","RENT"," 60 months",6721.875
2010,4,"1","MORTGAGE"," 36 months",9306
2014,3,"3","RENT"," 36 months",10864.104509974
2010,2,"5","RENT"," 60 months",8918.14516129032
2010,3,"2","MORTGAGE"," 60 months",11905.8080808081
2015,1,"3","RENT"," 60 months",18449.8776355422
2014,1,"4","RENT"," 36 months",10516.8421052632
2010,1,"6","RENT"," 36 months",14105
2010,1,"2","OWN"," 36 months",10566.3793103448
2010,1,"1","OWN"," 36 months",7578.63636363636
2010,2,"3","MORTGAGE"," 60 months",12425.9615384615
2010,3,"4","MORTGAGE"," 36 months",10290.306122449
2010,1,"5","OWN"," 36 months",14291.6666666667
2010,1,"6","OWN"," 36 months",15900
2011,1,"2","MORTGAGE"," 60 months",10698.828125
2011,1,"3","RENT"," 36 months",8321.74418604651
2010,3,"5","MORTGAGE"," 60 months",13361.5702479339
2012,3,"1","MORTGAGE"," 36 months",11366.1965282083
2013,1,"3","MORTGAGE"," 36 months",14973.7686773658
2015,2,"1","OWN"," 36 months",14144.2849254555
2010,4,"2","RENT"," 60 months",10996.0317460317
2010,2,"2","MORTGAGE"," 60 months",10893.5897435897
2010,2,"3","OWN"," 60 months",6236.11111111111
2016,1,"5","RENT"," 60 months",20082.1058315335
2010,3,"6","MORTGAGE"," 60 months",16235.8870967742
2010,2,"4","OWN"," 36 months",7613.04347826087
2010,2,"5","MORTGAGE"," 36 months",13964.8148148148
2010,2,"3","MORTGAGE"," 36 months",11407.6633165829
2010,3,"3","RENT"," 60 months",10852.9545454545
2010,4,"3","RENT"," 60 months",10270.8333333333
2010,2,"3","OWN"," 36 months",7949.32432432432
2010,2,"3","RENT"," 60 months",9260.64814814815
2010,2,"6","RENT"," 60 months",10180
2010,2,"4","MORTGAGE"," 36 months",12716.6666666667
2010,2,"2","OWN"," 36 months",8699.51923076923
2010,2,"1","OWN"," 36 months",6939.28571428571
2010,2,"5","RENT"," 36 months",9087.5
2012,2,"1","RENT"," 36 months",9845.19136408243
2010,2,"5","OWN"," 36 months",14625
2010,2,"6","OWN"," 36 months",14725
2010,2,"6","MORTGAGE"," 36 months",23130
2010,3,"4","RENT"," 60 months",10121.828358209
2012,1,"4","RENT"," 36 months",12506.1737804878
2010,3,"4","OWN"," 36 months",8555.55555555555
2012,1,"2","MORTGAGE"," 36 months",12644.8102016607
2010,3,"3","OWN"," 60 months",8409.375
2015,2,"4","RENT"," 60 months",18186.4538731024
2010,2,"4","MORTGAGE"," 60 months",11310.2941176471
2010,4,"1","RENT"," 36 months",7850.07042253521
2010,2,"1","MORTGAGE"," 60 months",7620.40816326531
2010,2,"5","MORTGAGE"," 60 months",11538.28125
2010,2,"6","MORTGAGE"," 60 months",13706
2010,3,"5","OWN"," 36 months",7875
2010,2,"6","OWN"," 60 months",10875
2014,3,"1","RENT"," 36 months",12813.8871522351
2010,2,"1","OWN"," 60 months",9712.5
2010,2,"4","OWN"," 60 months",8585
2010,2,"5","OWN"," 60 months",10242.5
2010,3,"4","RENT"," 36 months",9524.71590909091
2011,2,"4","RENT"," 36 months",8254.50581395349
2010,2,"2","OWN"," 60 months",9585
2010,3,"2","OWN"," 60 months",12071.2121212121
2010,3,"2","OWN"," 36 months",7415.42553191489
2010,3,"6","RENT"," 60 months",12827.6315789474
2010,4,"1","MORTGAGE"," 60 months",10180.412371134
2011,1,"2","RENT"," 60 months",9716.16379310345
2010,3,"3","MORTGAGE"," 36 months",8997.80701754386
2014,4,"5","RENT"," 60 months",18570.4358812382
2010,3,"5","RENT"," 60 months",10426.0964912281
2010,3,"4","OWN"," 60 months",13025
2010,3,"5","MORTGAGE"," 36 months",11557.4074074074
2010,4,"5","OWN"," 60 months",12328.5714285714
2010,3,"5","RENT"," 36 months",9806.25
2010,3,"3","OWN"," 36 months",5956.66666666667
2010,3,"6","OWN"," 36 months",15025
2010,3,"5","OWN"," 60 months",10092.8571428571
2010,3,"6","RENT"," 36 months",13787.5
2010,3,"1","MORTGAGE"," 60 months",5316.66666666667
2010,4,"3","MORTGAGE"," 36 months",8142.83536585366
2010,3,"6","MORTGAGE"," 36 months",21140
2010,3,"1","RENT"," 60 months",4020
2010,3,"1","OWN"," 36 months",7409.91379310345
2011,1,"1","MORTGAGE"," 36 months",8772.89156626506
2010,3,"6","OWN"," 60 months",21000
2015,2,"3","OWN"," 60 months",19983.2654249127
2011,2,"2","RENT"," 36 months",8393.22390572391
2013,2,"2","RENT"," 36 months",11854.5362023844
2015,4,"3","MORTGAGE"," 36 months",13494.6483493951
2010,4,"2","OWN"," 36 months",7772.09302325581
2011,1,"2","RENT"," 36 months",8773.31460674157
2011,3,"2","MORTGAGE"," 36 months",10261.247723133
2012,2,"2","MORTGAGE"," 36 months",11592.7952105698
2014,4,"1","MORTGAGE"," 60 months",19662.5512295082
2010,4,"3","OWN"," 60 months",10686.4583333333
2015,3,"1","OWN"," 36 months",15069.1649899396
2010,3,"1","OWN"," 60 months",3900
2011,1,"6","MORTGAGE"," 60 months",21040.7657657658
2015,2,"5","MORTGAGE"," 60 months",21189.7327044025
2011,1,"2","MORTGAGE"," 36 months",10846.0869565217
2014,3,"1","MORTGAGE"," 36 months",15661.614340263
2011,1,"3","MORTGAGE"," 36 months",11856.6901408451
2010,4,"4","RENT"," 60 months",9712.09016393443
2014,4,"2","OWN"," 36 months",11863.4172885572
2015,3,"6","RENT"," 60 months",19907.4097938144
2016,1,"4","RENT"," 60 months",19526.3683127572
2011,2,"3","RENT"," 60 months",12712.7777777778
2011,2,"5","RENT"," 60 months",13377.5147928994
2012,3,"2","MORTGAGE"," 36 months",11410.2947845805
2015,3,"4","MORTGAGE"," 36 months",14347.1597300337
2010,4,"2","MORTGAGE"," 60 months",12621.7592592593
2010,4,"3","MORTGAGE"," 60 months",12858.9147286822
2010,4,"4","RENT"," 36 months",10532.2463768116
2011,2,"2","MORTGAGE"," 60 months",14592.6315789474
2015,3,"3","MORTGAGE"," 36 months",13455.5505685218
2011,4,"3","RENT"," 36 months",9106.72853828306
2013,1,"2","OWN"," 36 months",13028.0612244898
2012,2,"2","RENT"," 36 months",10064.4563918757
2014,3,"3","MORTGAGE"," 36 months",13614.0008576329
2012,1,"3","OWN"," 36 months",11532.1428571429
2012,3,"1","RENT"," 36 months",9359.84913793103
2015,2,"1","MORTGAGE"," 60 months",19585.5263157895
2012,3,"2","MORTGAGE"," 60 months",21330
2014,2,"1","MORTGAGE"," 36 months",15550.5711880712
2011,2,"2","OWN"," 36 months",7947.14285714286
2015,3,"1","RENT"," 36 months",13042.923553719
2015,4,"3","RENT"," 36 months",10724.0664845173
2014,2,"3","MORTGAGE"," 36 months",13136.9874338624
2010,4,"6","RENT"," 60 months",14687.9310344828
2015,4,"5","RENT"," 60 months",19813.3345766505
2015,1,"2","RENT"," 60 months",19141.5117941387
2010,4,"1","OWN"," 60 months",9179.16666666667
2014,3,"4","RENT"," 60 months",18355.3776041667
2010,4,"4","MORTGAGE"," 36 months",12151.5306122449
2015,3,"2","RENT"," 36 months",11493.7295528899
2010,4,"6","MORTGAGE"," 60 months",16282.5342465753
2014,3,"3","MORTGAGE"," 60 months",20317.6430517711
2010,4,"4","MORTGAGE"," 60 months",11075.4545454545
2015,1,"4","MORTGAGE"," 36 months",14353.7439193885
2012,3,"3","RENT"," 36 months",10231.3437312537
2013,3,"1","MORTGAGE"," 36 months",15060.3796296296
2010,4,"1","OWN"," 36 months",6912.04819277108
2015,4,"1","MORTGAGE"," 60 months",19510.1463104326
2011,1,"6","RENT"," 60 months",15925.2906976744
2010,4,"5","MORTGAGE"," 60 months",12984.3220338983
2010,4,"5","RENT"," 36 months",10192.3611111111
2010,4,"4","OWN"," 36 months",10563.6363636364
2010,4,"5","MORTGAGE"," 36 months",15043.75
2014,3,"2","MORTGAGE"," 60 months",19961.3288288288
2010,4,"6","OWN"," 60 months",8879.54545454545
2014,4,"3","RENT"," 36 months",10246.4116208831
2010,4,"6","MORTGAGE"," 36 months",18963.4615384615
2010,4,"2","OWN"," 60 months",9742.85714285714
2010,4,"1","RENT"," 60 months",8635.36585365854
2010,4,"3","OWN"," 36 months",8127.63157894737
2010,4,"6","RENT"," 36 months",16153.5714285714
2015,2,"4","MORTGAGE"," 60 months",20785.1736420303
2013,4,"1","MORTGAGE"," 36 months",15585.9712671906
2010,4,"4","OWN"," 60 months",9272.22222222222
2011,2,"4","MORTGAGE"," 60 months",16054.4471153846
2013,4,"3","RENT"," 36 months",11023.9809580482
2010,4,"5","OWN"," 36 months",7878.57142857143
2015,3,"3","OWN"," 36 months",12205.2884615385
2015,1,"3","OWN"," 60 months",19588.3241758242
2015,4,"5","MORTGAGE"," 36 months",14258.8422391858
2011,1,"4","RENT"," 36 months",11242.2101449275
2012,4,"5","MORTGAGE"," 60 months",25150.983436853
2015,1,"3","MORTGAGE"," 60 months",21149.0782466202
2012,4,"3","MORTGAGE"," 60 months",22257.3956442831
2014,3,"1","OWN"," 36 months",13884.379217274
2011,1,"1","OWN"," 36 months",8182.22891566265
2011,2,"6","MORTGAGE"," 60 months",21293.0555555556
2011,2,"3","MORTGAGE"," 60 months",16805.0193050193
2016,1,"1","MORTGAGE"," 60 months",20544.75019516
2015,4,"5","MORTGAGE"," 60 months",22103.6862527716
2014,4,"1","OWN"," 36 months",13614.6676852559
2014,1,"1","MORTGAGE"," 36 months",15930.8793324775
2012,4,"1","MORTGAGE"," 36 months",13183.2605133807
2015,3,"3","MORTGAGE"," 60 months",20929.087540528
2014,4,"4","MORTGAGE"," 60 months",20600.7536882617
2014,3,"2","MORTGAGE"," 36 months",13996.6959480848
2015,3,"2","MORTGAGE"," 36 months",13824.3291432647
2011,1,"5","MORTGAGE"," 60 months",20111.641221374
2016,1,"5","MORTGAGE"," 60 months",22328.0283710551
2014,4,"3","RENT"," 60 months",17893.2971800434
2013,4,"2","MORTGAGE"," 36 months",13990.3613122506
2011,1,"3","MORTGAGE"," 60 months",14505.2259887006
2011,4,"2","MORTGAGE"," 36 months",10967.0754716981
2015,3,"6","MORTGAGE"," 60 months",23029.7250859107
2011,1,"2","OWN"," 60 months",10041.2162162162
2011,1,"5","RENT"," 60 months",15090.9259259259
2015,1,"5","MORTGAGE"," 60 months",21414.6609833466
2011,2,"2","MORTGAGE"," 36 months",10484.00243309
2011,1,"4","OWN"," 60 months",15184.2105263158
2016,1,"6","RENT"," 60 months",20924.2418498863
2014,3,"6","MORTGAGE"," 60 months",21371.0762331839
2011,1,"4","RENT"," 60 months",12343.537414966
2011,1,"4","MORTGAGE"," 60 months",15783.8652482269
2013,3,"3","RENT"," 36 months",10747.9755178908
2011,4,"1","MORTGAGE"," 36 months",10828.0696576151
2011,1,"3","RENT"," 60 months",10036.974789916
2011,2,"6","OWN"," 60 months",16045.3125
2012,4,"2","MORTGAGE"," 36 months",12455.8838383838
2014,4,"3","MORTGAGE"," 36 months",12879.8854625551
2011,1,"5","OWN"," 60 months",13897.2222222222
2014,4,"2","MORTGAGE"," 36 months",13792.879245283
2011,1,"5","MORTGAGE"," 36 months",17101.0416666667
2011,1,"3","OWN"," 60 months",10511
2011,1,"5","RENT"," 36 months",11287.5
2013,2,"4","RENT"," 36 months",9618.14839572192
2011,1,"6","OWN"," 60 months",17329.1666666667
2011,1,"2","OWN"," 36 months",8996.69811320755
2011,1,"3","OWN"," 36 months",9068.47826086957
2011,1,"6","MORTGAGE"," 36 months",19641.6666666667
2014,2,"2","MORTGAGE"," 36 months",13836.9682112921
2016,1,"1","RENT"," 36 months",13235.0013415616
2014,3,"4","MORTGAGE"," 60 months",21657.2372159091
2015,1,"3","RENT"," 36 months",10699.0406680265
2011,1,"4","OWN"," 36 months",9777.08333333333
2014,4,"4","RENT"," 60 months",18141.1070780399
2015,2,"3","RENT"," 60 months",18106.406455863
2011,1,"6","RENT"," 36 months",17891.6666666667
2015,3,"1","MORTGAGE"," 36 months",15472.0973594033
2011,1,"6","OWN"," 36 months",10750
2011,1,"1","MORTGAGE"," 60 months",6150
2011,1,"1","RENT"," 60 months",5187.5
2014,4,"5","MORTGAGE"," 36 months",14959.7159940209
2014,4,"5","OWN"," 60 months",19295.0483091787
2011,3,"3","RENT"," 36 months",7370.51282051282
2015,3,"5","RENT"," 60 months",19080.9284932506
2011,1,"1","OWN"," 60 months",7500
2013,2,"1","RENT"," 36 months",13784.6635883905
2014,3,"6","RENT"," 60 months",18664.6634615385
2015,1,"5","RENT"," 60 months",18716.9069296915
2011,1,"5","OWN"," 36 months",9550
2013,3,"5","RENT"," 36 months",9912.02163061564
2011,2,"4","OWN"," 60 months",12667.5675675676
2015,4,"3","MORTGAGE"," 60 months",20477.3803695998
2013,2,"3","OWN"," 36 months",11158.0223880597
2014,1,"4","RENT"," 60 months",18228.1700288184
2011,3,"4","MORTGAGE"," 60 months",17251.4864864865
2014,1,"2","MORTGAGE"," 36 months",14324.9604930468
2013,4,"3","MORTGAGE"," 60 months",19441.3834951456
2011,2,"6","RENT"," 36 months",10252.0833333333
2012,2,"1","MORTGAGE"," 36 months",11362.3506825939
2012,1,"1","OWN"," 36 months",11054.8076923077
2011,2,"4","RENT"," 60 months",11551.7515923567
2015,2,"2","OWN"," 60 months",20612.5601926164
2012,4,"1","RENT"," 36 months",10620.7859358842
2012,3,"2","OWN"," 36 months",9848.5632183908
2012,1,"1","RENT"," 36 months",10373.9773716275
2015,4,"4","OWN"," 36 months",11993.7720070423
2014,2,"5","MORTGAGE"," 60 months",22376.7200630252
2011,2,"4","MORTGAGE"," 36 months",13007.1759259259
2011,2,"1","RENT"," 36 months",7321.8947368421
2011,3,"6","RENT"," 60 months",17283.1325301205
2011,4,"1","RENT"," 36 months",9473.88809182209
2011,2,"3","RENT"," 36 months",7246.84115523466
2011,2,"1","OWN"," 60 months",6800
2011,3,"3","MORTGAGE"," 36 months",10569.0376569038
2011,2,"2","OWN"," 60 months",12631.4516129032
2011,3,"5","MORTGAGE"," 60 months",20500.3989361702
2011,2,"5","MORTGAGE"," 36 months",16733.3333333333
2011,2,"1","OWN"," 36 months",7580.52884615385
2015,4,"3","OWN"," 60 months",19390.1473612063
2016,1,"3","MORTGAGE"," 60 months",20975.4702627939
2011,2,"5","MORTGAGE"," 60 months",17964.3229166667
2014,3,"5","MORTGAGE"," 60 months",21779.4427324088
2011,3,"2","OWN"," 36 months",9600.26041666667
2011,2,"3","MORTGAGE"," 36 months",9311.94444444445
2014,4,"5","MORTGAGE"," 60 months",21229.2691579943
2011,2,"6","MORTGAGE"," 36 months",17133.3333333333
2013,1,"4","MORTGAGE"," 36 months",11922.5177304965
2011,2,"6","RENT"," 60 months",15340.5913978495
2014,4,"4","RENT"," 36 months",10526.4766993173
2011,2,"1","MORTGAGE"," 60 months",6012.5
2013,3,"2","RENT"," 36 months",11491.3519005498
2011,2,"2","RENT"," 60 months",12437.5
2011,2,"5","OWN"," 60 months",12588.75
2015,4,"2","MORTGAGE"," 60 months",20845.7207207207
2011,2,"3","OWN"," 36 months",6851.97368421053
2011,2,"3","OWN"," 60 months",14039.7058823529
2015,3,"4","OWN"," 36 months",12197.1098265896
2013,1,"3","RENT"," 36 months",11825.2817195326
2011,2,"1","RENT"," 60 months",8071.42857142857
2011,4,"2","RENT"," 36 months",9349.54022988506
2011,2,"5","RENT"," 36 months",11543.5483870968
2012,3,"5","RENT"," 36 months",19389.9038461538
2012,1,"6","MORTGAGE"," 60 months",26448.2456140351
2012,4,"3","RENT"," 60 months",20308.375
2015,2,"4","MORTGAGE"," 36 months",14309.305510796
2011,2,"4","OWN"," 36 months",11351.6666666667
2015,2,"5","OWN"," 60 months",19757.3855243722
2012,2,"3","MORTGAGE"," 36 months",12787.8947368421
2011,3,"1","RENT"," 36 months",8206.52350081037
2012,1,"3","MORTGAGE"," 36 months",13150.0651041667
2014,3,"2","OWN"," 36 months",12238.2774140753
2015,4,"4","RENT"," 36 months",10666.5914083476
2012,4,"3","OWN"," 36 months",11322.7635782748
2015,1,"2","MORTGAGE"," 60 months",21121.2090752441
2015,2,"3","MORTGAGE"," 60 months",20873.4322664682
2014,3,"2","RENT"," 36 months",11291.6385584946
2011,2,"5","OWN"," 36 months",11100
2014,1,"3","MORTGAGE"," 36 months",14507.2478750287
2011,2,"6","OWN"," 36 months",35000
2011,3,"3","RENT"," 60 months",14495.3125
2014,4,"6","MORTGAGE"," 60 months",22530.4560260586
2015,2,"1","RENT"," 60 months",18680.5785123967
2011,3,"4","RENT"," 60 months",14177.4425287356
2015,1,"6","MORTGAGE"," 60 months",23034.9907493062
2015,4,"3","RENT"," 60 months",18140.7740585774
2015,1,"2","OWN"," 36 months",11821.3235294118
2013,2,"3","MORTGAGE"," 60 months",20913.0881624567
2014,4,"3","OWN"," 36 months",10886.9673768309
2016,1,"6","MORTGAGE"," 60 months",22863.4383378016
2011,3,"1","MORTGAGE"," 36 months",9608.26470588235
2014,4,"4","OWN"," 36 months",11519.3396226415
2016,1,"4","MORTGAGE"," 60 months",21919.5218323065
2015,1,"6","MORTGAGE"," 36 months",13816.5492957746
2013,4,"6","RENT"," 60 months",18596.7411545624
2011,3,"3","MORTGAGE"," 60 months",18207.2097378277
2014,3,"5","OWN"," 60 months",19919.4262295082
2013,2,"4","MORTGAGE"," 60 months",24420.2142857143
2013,2,"1","MORTGAGE"," 60 months",19225.7246376812
2013,1,"4","RENT"," 36 months",10099.6828752643
2015,2,"3","OWN"," 36 months",11550.6854630109
2011,3,"5","RENT"," 60 months",16824
2011,3,"4","RENT"," 36 months",7959.92990654206
2013,2,"3","RENT"," 36 months",10715.0899280576
2016,1,"1","OWN"," 36 months",14339.7063442211
2011,3,"6","MORTGAGE"," 60 months",23074.2105263158
2015,1,"5","OWN"," 36 months",12984.0252707581
2015,3,"3","RENT"," 60 months",18371.4559115396
2011,3,"1","OWN"," 36 months",8705.53435114504
2013,2,"2","MORTGAGE"," 60 months",21125.7851239669
2015,2,"2","OWN"," 36 months",12030.2061586639
2012,3,"2","RENT"," 36 months",9809.31576952237
2015,2,"2","MORTGAGE"," 60 months",21177.4213836478
2015,2,"4","RENT"," 36 months",10733.9465293108
2013,4,"6","OWN"," 60 months",19649.4230769231
2011,3,"2","MORTGAGE"," 60 months",16860.3448275862
2012,1,"3","MORTGAGE"," 60 months",20890.2234636872
2011,3,"2","RENT"," 60 months",14005.1324503311
2014,4,"3","OWN"," 60 months",19078.9855072464
2012,3,"1","MORTGAGE"," 60 months",12106.4285714286
2014,1,"1","RENT"," 36 months",13274.2134062927
2013,1,"3","MORTGAGE"," 60 months",22394.8871650212
2011,4,"2","OWN"," 60 months",19089.6739130435
2011,3,"5","RENT"," 36 months",10925.5555555556
2012,2,"2","RENT"," 60 months",18212.8571428571
2012,1,"3","RENT"," 36 months",10992.1148255814
2011,3,"1","OWN"," 60 months",9566.66666666667
2011,3,"3","OWN"," 60 months",14324
2014,2,"4","MORTGAGE"," 36 months",11975.9215376514
2011,3,"3","OWN"," 36 months",6327.94117647059
2011,4,"2","MORTGAGE"," 60 months",20263.2789317507
2011,3,"5","OWN"," 60 months",15303.3333333333
2013,3,"4","MORTGAGE"," 36 months",11699.2498369211
2011,3,"5","MORTGAGE"," 36 months",15303.7037037037
2011,3,"2","OWN"," 60 months",15564.5348837209
2011,3,"5","OWN"," 36 months",16800
2011,3,"4","OWN"," 60 months",12318.75
2014,2,"4","MORTGAGE"," 60 months",21658.3563918096
2011,3,"4","MORTGAGE"," 36 months",11717.3913043478
2013,3,"3","MORTGAGE"," 36 months",13555.6701030928
2011,3,"4","OWN"," 36 months",7977
2012,1,"5","MORTGAGE"," 60 months",22711.3095238095
2011,3,"6","OWN"," 60 months",15579.5454545455
2011,3,"1","MORTGAGE"," 60 months",11250.6097560976
2011,3,"6","RENT"," 36 months",11305.5555555556
2012,2,"3","RENT"," 36 months",10181.736381323
2013,4,"2","MORTGAGE"," 60 months",19205.244941427
2016,1,"2","OWN"," 36 months",12638.5075006356
2013,1,"2","MORTGAGE"," 36 months",14426.8877057115
2013,1,"1","MORTGAGE"," 36 months",17187.9649196957
2011,4,"3","MORTGAGE"," 60 months",19024.5173745174
2014,3,"3","RENT"," 60 months",17574.6505717916
2012,1,"2","MORTGAGE"," 60 months",21864.7277227723
2011,4,"6","RENT"," 60 months",22273.9795918367
2014,2,"3","MORTGAGE"," 60 months",20258.4350170261
2011,3,"6","MORTGAGE"," 36 months",10257.1428571429
2014,4,"2","MORTGAGE"," 60 months",21348.8759566327
2016,1,"2","RENT"," 36 months",11552.4501631026
2011,4,"5","MORTGAGE"," 60 months",22552.8037383178
2012,4,"2","RENT"," 36 months",10420.4851752022
2011,4,"3","MORTGAGE"," 36 months",10885.3682170543
2012,1,"2","RENT"," 60 months",18479.8780487805
2011,4,"2","RENT"," 60 months",18640.7352941176
2011,4,"4","RENT"," 60 months",15326.8691588785
2012,1,"2","RENT"," 36 months",10876.25
2013,1,"1","OWN"," 36 months",15945.2922077922
2011,4,"4","RENT"," 36 months",10239.2045454545
2011,4,"5","MORTGAGE"," 36 months",17844.4444444444
2011,4,"5","RENT"," 60 months",16581
2011,3,"1","RENT"," 60 months",13840
2011,4,"1","MORTGAGE"," 60 months",11912.5
2013,2,"2","MORTGAGE"," 36 months",13246.7393540424
2012,3,"4","MORTGAGE"," 60 months",19324.2424242424
2011,4,"3","RENT"," 60 months",16713.125
2011,4,"4","MORTGAGE"," 60 months",18691.5422885572
2011,4,"4","MORTGAGE"," 36 months",12855.5803571429
2011,4,"6","MORTGAGE"," 60 months",24489.9621212121
2013,3,"2","MORTGAGE"," 60 months",20224.5731056563
2011,4,"5","OWN"," 60 months",20811.1111111111
2011,4,"2","OWN"," 36 months",10325.7075471698
2011,4,"3","OWN"," 60 months",15974.2647058824
2011,4,"1","RENT"," 60 months",10911.6666666667
2011,4,"4","OWN"," 60 months",14768.5483870968
2011,4,"3","OWN"," 36 months",8344.44444444445
2011,4,"4","OWN"," 36 months",11666.6666666667
2011,4,"5","RENT"," 36 months",11411.4285714286
2013,4,"2","RENT"," 36 months",11711.517501572
2012,2,"6","RENT"," 60 months",25598.4
2011,4,"1","OWN"," 60 months",10000
2013,2,"2","OWN"," 36 months",12080.0699300699
2011,4,"6","MORTGAGE"," 36 months",5600
2011,4,"5","OWN"," 36 months",12305
2011,4,"6","RENT"," 36 months",6600
2013,2,"4","MORTGAGE"," 36 months",11316.795965865
2013,1,"1","RENT"," 36 months",16361.9857594937
2014,2,"1","RENT"," 36 months",12967.3553719008
2011,4,"6","OWN"," 60 months",18840.625
2013,1,"5","RENT"," 36 months",8302.39361702128
2012,1,"6","RENT"," 60 months",23641.4179104478
2013,4,"4","MORTGAGE"," 60 months",21348.1132075472
2012,1,"4","MORTGAGE"," 60 months",20150.78125
2012,2,"3","MORTGAGE"," 60 months",20563.8274336283
2012,1,"5","RENT"," 60 months",19483.5616438356
2012,1,"4","MORTGAGE"," 36 months",16133.9686098655
2012,1,"2","OWN"," 36 months",11015.1098901099
2012,1,"4","RENT"," 60 months",17469.5
2012,3,"5","MORTGAGE"," 36 months",22022.8021978022
2012,4,"3","MORTGAGE"," 36 months",13261.8815104167
2012,1,"3","RENT"," 60 months",17671.5725806452
2012,2,"1","OWN"," 36 months",10703.855721393
2012,1,"5","OWN"," 60 months",21889.5161290323
2012,1,"2","OWN"," 60 months",18261.1111111111
2012,1,"1","MORTGAGE"," 60 months",8898.21428571429
2014,1,"3","MORTGAGE"," 60 months",19648.9551989301
2012,1,"5","OWN"," 36 months",16561.1111111111
2012,3,"5","RENT"," 60 months",20760.7723577236
2012,1,"5","RENT"," 36 months",21606.0606060606
2012,4,"6","MORTGAGE"," 60 months",26087.619047619
2012,1,"4","OWN"," 60 months",18845.3125
2012,1,"4","OWN"," 36 months",13000.4464285714
2012,1,"6","MORTGAGE"," 36 months",24233.3333333333
2012,2,"5","OWN"," 60 months",19941.6666666667
2012,1,"5","MORTGAGE"," 36 months",26586.2244897959
2013,3,"2","MORTGAGE"," 36 months",12993.2873851295
2012,1,"3","OWN"," 60 months",17205.2083333333
2012,1,"1","RENT"," 60 months",10277.7777777778
2012,3,"4","OWN"," 36 months",13151.1029411765
2012,2,"4","RENT"," 36 months",12598.2723577236
2012,1,"1","OWN"," 60 months",8300
2012,1,"6","RENT"," 36 months",18030
2012,1,"6","OWN"," 60 months",22566.6666666667
2012,3,"5","MORTGAGE"," 60 months",23275
2012,3,"4","RENT"," 60 months",17569.6428571429
2012,3,"3","MORTGAGE"," 60 months",19696.3141025641
2012,2,"2","OWN"," 36 months",10951.7857142857
2012,4,"2","OWN"," 36 months",10359.2278719397
2012,2,"4","MORTGAGE"," 36 months",16300.9831460674
2012,2,"4","RENT"," 60 months",17812.3511904762
2012,2,"5","MORTGAGE"," 60 months",23581.25
2012,4,"3","RENT"," 36 months",11084.2171016102
2013,4,"3","MORTGAGE"," 36 months",13896.6806479607
2014,3,"5","RENT"," 60 months",19423.7532808399
2012,2,"2","MORTGAGE"," 60 months",20772.1398305085
2012,3,"1","RENT"," 60 months",8595.45454545455
2013,1,"2","MORTGAGE"," 60 months",22377.392120075
2012,1,"6","OWN"," 36 months",18975
2012,2,"4","MORTGAGE"," 60 months",18953.3333333333
2012,2,"5","MORTGAGE"," 36 months",22836.0576923077
2012,2,"3","RENT"," 60 months",15940.6028368794
2012,3,"4","MORTGAGE"," 36 months",15796.4046822742
2012,3,"3","MORTGAGE"," 36 months",12331.1228482003
2013,3,"5","MORTGAGE"," 60 months",23234.4149459194
2012,4,"5","OWN"," 60 months",22612.7192982456
2015,2,"2","RENT"," 60 months",18904.3241511851
2012,2,"3","OWN"," 36 months",10551.5202702703
2012,4,"4","RENT"," 60 months",19195.867768595
2015,1,"1","OWN"," 36 months",14309.2013888889
2012,2,"4","OWN"," 36 months",13143.1818181818
2012,2,"5","RENT"," 36 months",19612.3595505618
2012,2,"5","RENT"," 60 months",20378.8978494624
2012,2,"6","MORTGAGE"," 60 months",27469.0476190476
2013,4,"1","RENT"," 36 months",13089.8704663212
2012,3,"1","OWN"," 36 months",9228.7213740458
2012,2,"2","OWN"," 60 months",20942.5925925926
2012,2,"6","OWN"," 60 months",21578.125
2012,2,"1","MORTGAGE"," 60 months",13116.6666666667
2012,2,"6","RENT"," 36 months",22026.7857142857
2012,3,"3","RENT"," 60 months",15553.5433070866
2012,2,"4","OWN"," 60 months",18219.7916666667
2013,3,"4","MORTGAGE"," 60 months",22617.9245283019
2012,2,"6","MORTGAGE"," 36 months",22805
2012,2,"1","RENT"," 60 months",13480
2012,2,"1","OWN"," 60 months",9100
2012,4,"5","RENT"," 60 months",21870.1981707317
2013,2,"5","MORTGAGE"," 60 months",23958.4266169154
2014,2,"2","MORTGAGE"," 60 months",19251.2702078522
2012,4,"4","MORTGAGE"," 36 months",15363.7096774194
2015,2,"6","RENT"," 60 months",20000.4373177843
2014,3,"4","OWN"," 60 months",19979.6040515654
2013,3,"1","RENT"," 60 months",17376.9230769231
2012,3,"6","MORTGAGE"," 60 months",26204.012345679
2012,3,"6","RENT"," 60 months",23978.5947712418
2012,3,"5","OWN"," 60 months",23007.9268292683
2012,4,"6","RENT"," 36 months",17061.3636363636
2012,3,"2","RENT"," 60 months",17577.9816513761
2012,3,"3","OWN"," 36 months",10140.8239700375
2014,1,"5","MORTGAGE"," 60 months",21841.5061633282
2012,2,"5","OWN"," 36 months",19192.8571428571
2015,2,"4","OWN"," 60 months",18926.3260530421
2014,2,"2","RENT"," 36 months",11242.9003153469
2013,2,"3","MORTGAGE"," 36 months",12986.4411882778
2014,3,"2","RENT"," 60 months",17414.1949152542
2013,3,"3","MORTGAGE"," 60 months",19904.2656970557
2012,4,"5","MORTGAGE"," 36 months",20732.3643410853
2012,4,"2","MORTGAGE"," 60 months",21236.5013774105
2013,1,"4","MORTGAGE"," 60 months",26236.8811881188
2012,4,"2","RENT"," 60 months",19187.2340425532
2013,1,"3","RENT"," 60 months",20519.4923371647
2012,3,"5","OWN"," 36 months",25479.1666666667
2012,3,"6","MORTGAGE"," 36 months",24276.3157894737
2012,4,"4","MORTGAGE"," 60 months",21580.0702811245
2012,2,"6","OWN"," 36 months",21362.5
2012,4,"4","OWN"," 36 months",13217.7777777778
2014,2,"3","RENT"," 60 months",17313.3651944628
2012,3,"6","OWN"," 60 months",25437.0689655172
2012,3,"4","OWN"," 60 months",15975.78125
2012,3,"6","RENT"," 36 months",22446.1538461538
2012,3,"2","OWN"," 60 months",18641.1290322581
2012,4,"6","RENT"," 60 months",23665.0523560209
2012,3,"1","OWN"," 60 months",13191.6666666667
2012,3,"3","OWN"," 60 months",17876.0416666667
2012,4,"1","OWN"," 36 months",11014.0330188679
2013,1,"4","RENT"," 60 months",23999.0277777778
2013,1,"3","OWN"," 36 months",12458.0263157895
2012,4,"5","RENT"," 36 months",16120.6325301205
2013,4,"1","OWN"," 36 months",14155.9130434783
2012,4,"6","MORTGAGE"," 36 months",18893.4210526316
2014,3,"6","OWN"," 60 months",19572.0760233918
2012,3,"6","OWN"," 36 months",30000
2013,2,"4","RENT"," 60 months",21116.2454873646
2013,3,"6","RENT"," 60 months",19352.3039889959
2012,4,"4","RENT"," 36 months",12643.1334622824
2013,4,"4","OWN"," 36 months",10447.2440944882
2013,3,"3","RENT"," 60 months",17643.8092979127
2013,1,"2","RENT"," 60 months",22126.7441860465
2012,4,"3","OWN"," 60 months",19194.8863636364
2013,2,"5","RENT"," 36 months",8672.13740458015
2014,1,"4","MORTGAGE"," 60 months",21172.9315902579
2014,1,"2","RENT"," 36 months",11636.040433925
2012,4,"2","OWN"," 60 months",19957.1428571429
2012,4,"5","OWN"," 36 months",19146.4285714286
2013,3,"5","OWN"," 60 months",20588.1048387097
2015,3,"5","RENT"," 36 months",10489.74
2013,1,"5","RENT"," 60 months",22904.3408360129
2014,1,"3","RENT"," 36 months",11436.8881562262
2012,4,"4","OWN"," 60 months",21725.9433962264
2013,3,"2","RENT"," 60 months",18798.4589041096
2012,4,"6","OWN"," 60 months",25892.5
2013,2,"1","OWN"," 36 months",14909.5833333333
2012,4,"1","MORTGAGE"," 60 months",16620.2702702703
2014,1,"4","OWN"," 36 months",11479.3292682927
2012,4,"1","RENT"," 60 months",13865
2013,1,"3","OWN"," 60 months",21276.8867924528
2013,3,"1","RENT"," 36 months",13101.8920595533
2013,1,"6","MORTGAGE"," 60 months",22821.2441314554
2013,1,"1","MORTGAGE"," 60 months",20247.3282442748
2015,2,"6","MORTGAGE"," 60 months",23158.3394833948
2012,4,"1","OWN"," 60 months",14525
2015,2,"5","RENT"," 60 months",18841.1036508603
2013,2,"1","RENT"," 60 months",19910.4166666667
2013,1,"5","MORTGAGE"," 60 months",25255.1165803109
2013,3,"2","OWN"," 36 months",11635.2045908184
2013,3,"4","RENT"," 60 months",18352.4104683196
2012,4,"6","OWN"," 36 months",7500
2013,2,"3","RENT"," 60 months",19200.2994011976
2013,3,"1","MORTGAGE"," 60 months",19032.2580645161
2014,2,"2","OWN"," 36 months",12495.8075734158
2014,3,"5","MORTGAGE"," 36 months",11815.587529976
2013,3,"5","RENT"," 60 months",20039.6166134185
2014,1,"2","OWN"," 36 months",12348.7936772047
2013,2,"6","RENT"," 60 months",20580.0255536627
2013,2,"5","RENT"," 60 months",21204.6489563567
2015,4,"2","OWN"," 36 months",12063.4312622997
2013,1,"6","RENT"," 60 months",20191.9087136929
2014,1,"1","OWN"," 36 months",14041.9463087248
2013,2,"2","RENT"," 60 months",20116.25
2013,1,"4","OWN"," 36 months",10622.3004694836
2013,1,"1","RENT"," 60 months",21300
2013,1,"2","OWN"," 60 months",21182.1428571429
2013,4,"3","RENT"," 60 months",16764.8444252377
2015,3,"2","RENT"," 60 months",18482.5676526117
2013,1,"4","OWN"," 60 months",23607.6923076923
2013,4,"4","RENT"," 60 months",18231.0638297872
2013,4,"5","MORTGAGE"," 60 months",22504.0952380952
2014,2,"1","OWN"," 36 months",14430.0154320988
2013,1,"6","OWN"," 60 months",22317.6136363636
2013,2,"3","OWN"," 60 months",19449.3670886076
2015,4,"1","OWN"," 36 months",14465.4718875502
2013,2,"6","MORTGAGE"," 60 months",23648.031496063
2013,1,"5","OWN"," 36 months",8079.6875
2013,1,"6","RENT"," 36 months",3430.5
2013,1,"5","MORTGAGE"," 36 months",11798.5507246377
2014,3,"4","MORTGAGE"," 36 months",12871.8965517241
2013,1,"5","OWN"," 60 months",23401.8518518519
2013,4,"6","MORTGAGE"," 60 months",22451.4312977099
2013,1,"1","OWN"," 60 months",21755
2013,3,"4","RENT"," 36 months",9380.35714285714
2014,3,"5","RENT"," 36 months",9393.36419753086
2014,1,"4","MORTGAGE"," 36 months",13444.1417691857
2013,2,"2","OWN"," 60 months",21550.5813953488
2013,1,"6","MORTGAGE"," 36 months",9412.5
2014,1,"2","MORTGAGE"," 60 months",19055.3656597774
2013,3,"1","OWN"," 36 months",13994.8697068404
2014,2,"3","RENT"," 36 months",10614.065469905
2013,2,"4","OWN"," 36 months",9692.28650137741
2013,2,"5","OWN"," 36 months",8581.61764705882
2013,2,"5","OWN"," 60 months",20997.4537037037
2013,4,"5","RENT"," 60 months",19153.6259541985
2013,4,"2","OWN"," 36 months",12193.3003597122
2014,2,"2","RENT"," 60 months",16643.3274021352
2014,1,"2","RENT"," 60 months",15921.3768115942
2013,2,"6","RENT"," 36 months",8249.01315789474
2013,2,"5","MORTGAGE"," 36 months",12741.9950738916
2013,3,"6","MORTGAGE"," 60 months",22640.4276315789
2013,4,"2","RENT"," 60 months",17107.123655914
2013,3,"4","OWN"," 36 months",9933.84279475982
2013,2,"6","MORTGAGE"," 36 months",18556.5217391304
2013,3,"3","OWN"," 36 months",11336.0738255034
2013,1,"6","OWN"," 36 months",3000
2013,3,"3","OWN"," 60 months",17388.2154882155
2014,2,"4","RENT"," 36 months",9562.6926369863
2014,1,"5","RENT"," 36 months",9490.08130081301
2013,2,"6","OWN"," 36 months",13390.3846153846
2013,2,"6","OWN"," 60 months",21848.5714285714
2014,2,"5","RENT"," 60 months",19220.8180147059
2013,2,"4","OWN"," 60 months",22330.2816901408
2014,2,"6","RENT"," 60 months",18145.9109730849
2013,4,"3","OWN"," 36 months",11480.3732303732
2013,2,"1","OWN"," 60 months",21017.5
2013,4,"1","MORTGAGE"," 60 months",18705.5555555556
2014,1,"5","RENT"," 60 months",19236.3970588235
2013,3,"5","MORTGAGE"," 36 months",12559.4076655052
2013,4,"5","OWN"," 60 months",20001.9696969697
2014,3,"3","OWN"," 60 months",19385.8836206897
2014,3,"6","MORTGAGE"," 36 months",10435.0746268657
2014,1,"3","RENT"," 60 months",16664.8579321231
2014,2,"4","RENT"," 60 months",18527.8709349593
2014,2,"4","OWN"," 60 months",19867.6691729323
2015,2,"5","MORTGAGE"," 36 months",16710.1228632479
2013,4,"2","OWN"," 60 months",18323.1308411215
2014,4,"6","RENT"," 60 months",19322.9294478528
2016,1,"5","RENT"," 36 months",11175.1321197886
2013,4,"4","MORTGAGE"," 36 months",13056.7484662577
2013,3,"6","RENT"," 36 months",7633.75
2014,2,"2","OWN"," 60 months",18526.5
2014,4,"2","OWN"," 60 months",20080.9382422803
2014,4,"2","RENT"," 60 months",18631.40969163
2013,3,"4","OWN"," 60 months",20556.6666666667
2013,3,"6","OWN"," 60 months",18786.6666666667
2014,1,"5","MORTGAGE"," 36 months",12036.170212766
2013,3,"2","OWN"," 60 months",18259.2261904762
2013,3,"5","OWN"," 36 months",9175
2013,4,"3","OWN"," 60 months",17914.371257485
2013,3,"6","MORTGAGE"," 36 months",11183.6538461538
2013,3,"1","OWN"," 60 months",18421.25
2014,3,"4","OWN"," 36 months",11121.286701209
2013,4,"5","MORTGAGE"," 36 months",11593.3288409704
2013,3,"6","OWN"," 36 months",8592.64705882353
2013,4,"5","OWN"," 36 months",9716.31355932203
2015,1,"4","RENT"," 60 months",18227.9311039484
2015,3,"4","RENT"," 36 months",10651.204017425
2015,1,"5","OWN"," 60 months",19584.7850678733
2013,4,"5","RENT"," 36 months",9055.76923076923
2013,4,"4","OWN"," 60 months",19660.3846153846
2015,3,"4","MORTGAGE"," 60 months",20967.7201704545
2014,2,"3","OWN"," 60 months",18488.6877828054
2014,4,"4","OWN"," 60 months",18770.6896551724
2014,2,"3","OWN"," 36 months",11251.9704433498
2015,1,"4","OWN"," 60 months",19413.0634390651
2015,1,"5","MORTGAGE"," 36 months",15740.616966581
2013,4,"1","RENT"," 60 months",15610
2013,4,"1","OWN"," 60 months",18583.3333333333
2013,4,"6","RENT"," 36 months",9286.74698795181
2014,1,"2","OWN"," 60 months",17155
2013,4,"6","MORTGAGE"," 36 months",12729.8611111111
2013,4,"6","OWN"," 36 months",11032.8947368421
2014,1,"3","OWN"," 60 months",18090.4011461318
2014,1,"5","OWN"," 60 months",19227.5735294118
2014,1,"5","OWN"," 36 months",10212.3563218391
2014,1,"3","OWN"," 36 months",12072.0588235294
2014,1,"6","RENT"," 36 months",9172.13302752294
2014,1,"6","RENT"," 60 months",18029.0666666667
2014,1,"6","MORTGAGE"," 60 months",21483.8035019455
2014,3,"5","OWN"," 36 months",9949.70930232558
2014,1,"4","OWN"," 60 months",19150.8333333333
2015,2,"4","OWN"," 36 months",12520.2440239044
2015,1,"6","RENT"," 36 months",9972.8021978022
2014,1,"1","MORTGAGE"," 60 months",15658.3333333333
2016,1,"3","OWN"," 60 months",19545.6565252202
2014,2,"5","MORTGAGE"," 36 months",10935.3678929766
2014,1,"6","MORTGAGE"," 36 months",11479.0584415584
2014,2,"4","OWN"," 36 months",10076.9271948608
2014,1,"6","OWN"," 60 months",19672.9797979798
2014,3,"2","OWN"," 60 months",19948.4472049689
2014,2,"6","MORTGAGE"," 36 months",8520.03205128205
2015,1,"3","OWN"," 36 months",11322.6942425936
2014,1,"6","OWN"," 36 months",10112
2015,2,"5","RENT"," 36 months",11530.4331013148
2014,2,"5","OWN"," 60 months",20837.2149837134
2014,3,"6","RENT"," 36 months",8093.18647540984
2015,1,"6","OWN"," 60 months",20980.8189655172
2014,2,"6","MORTGAGE"," 60 months",21672.484984985
2014,3,"1","MORTGAGE"," 60 months",17711.4583333333
2014,4,"5","RENT"," 36 months",10819.5833333333
2014,2,"6","OWN"," 60 months",19328.4768211921
2015,3,"3","OWN"," 60 months",19782.2351421189
2015,1,"2","OWN"," 60 months",20173.2365145228
2014,2,"5","RENT"," 36 months",8678.36593785961
2015,4,"4","MORTGAGE"," 60 months",21316.834038055
2014,2,"6","OWN"," 36 months",7840.30612244898
2014,2,"6","RENT"," 36 months",8119.93801652893
2014,4,"1","RENT"," 60 months",18419.623655914
2015,4,"4","OWN"," 60 months",19952.9252437703
2014,2,"5","OWN"," 36 months",9745.56451612903
2015,4,"2","RENT"," 60 months",18923.4819989253
2014,1,"1","OWN"," 60 months",13000
2015,3,"6","MORTGAGE"," 36 months",11588.5869565217
2015,1,"1","RENT"," 60 months",17693.359375
2014,4,"6","MORTGAGE"," 36 months",13550.2659574468
2015,4,"3","OWN"," 36 months",11654.1122004357
2014,2,"1","RENT"," 60 months",14485.7142857143
2014,2,"1","MORTGAGE"," 60 months",15195.5882352941
2014,4,"6","OWN"," 36 months",9536.27450980392
2016,1,"4","RENT"," 36 months",12002.9670577617
2016,1,"2","OWN"," 60 months",20824.3113772455
2014,2,"1","OWN"," 60 months",24500
2014,4,"6","OWN"," 60 months",20553.1094527363
2015,4,"6","RENT"," 60 months",20476.310772164
2014,3,"6","OWN"," 36 months",7596.39175257732
2015,4,"5","OWN"," 60 months",20421.8050065876
2014,4,"5","OWN"," 36 months",11312.1338912134
2014,4,"6","RENT"," 36 months",10135
2015,3,"4","RENT"," 60 months",18461.1351071182
2014,3,"1","RENT"," 60 months",18598.6111111111
2014,3,"1","OWN"," 60 months",15520
2015,4,"4","MORTGAGE"," 36 months",13909.0875589623
2016,1,"3","RENT"," 60 months",18840.5847436221
2016,1,"5","OWN"," 60 months",20859.4791666667
2015,1,"5","RENT"," 36 months",11755.7067812798
2014,4,"1","OWN"," 60 months",18727.9661016949
2015,4,"6","OWN"," 60 months",21199.2021276596
2015,3,"6","OWN"," 60 months",21740.4833836858
2015,4,"5","OWN"," 36 months",11936.2776025237
2015,1,"6","OWN"," 36 months",9609.21052631579
2015,1,"1","OWN"," 60 months",19505
2015,4,"2","OWN"," 60 months",20277.397260274
2015,3,"2","OWN"," 36 months",12894.2812982998
2015,2,"5","OWN"," 36 months",12802.8813559322
2015,2,"1","OWN"," 60 months",20739.0151515152
2015,2,"6","RENT"," 36 months",9916
2015,2,"6","OWN"," 60 months",20994.9312714777
2015,2,"6","MORTGAGE"," 36 months",13848.9035087719
2015,2,"6","OWN"," 36 months",10465.8163265306
2015,3,"5","OWN"," 60 months",20655.1799007444
2016,1,"3","OWN"," 36 months",13033.5164835165
2016,1,"4","OWN"," 36 months",13071.032649962
2015,3,"2","OWN"," 60 months",20347.2334682861
2015,3,"1","MORTGAGE"," 60 months",19834.5348837209
2015,3,"4","OWN"," 60 months",19821.5
2015,3,"1","RENT"," 60 months",18129.0268456376
2015,3,"1","OWN"," 60 months",19323.7179487179
2015,3,"5","MORTGAGE"," 36 months",14994.1991786448
2015,3,"6","RENT"," 36 months",9748.50427350427
2015,3,"5","OWN"," 36 months",13032.3076923077
2015,3,"6","OWN"," 36 months",11169.3333333333
2015,4,"6","MORTGAGE"," 60 months",22725.92
2016,1,"4","OWN"," 60 months",20467.5712347354
2015,4,"4","RENT"," 60 months",18942.6680547293
2015,4,"6","MORTGAGE"," 36 months",11162.9370629371
2015,4,"6","RENT"," 36 months",8645.07575757576
2015,4,"1","RENT"," 60 months",18026.912568306
2015,4,"6","OWN"," 36 months",8399.375
2015,4,"1","OWN"," 60 months",19786.1788617886
2016,1,"6","RENT"," 36 months",9751.16099071207
2016,1,"6","OWN"," 36 months",9814.76063829787
2016,1,"6","MORTGAGE"," 36 months",13934.7667638484
2016,1,"6","OWN"," 60 months",22003.6279683377
2016,1,"5","MORTGAGE"," 36 months",14511.8920032976
2016,1,"1","OWN"," 60 months",20104.0609137056
2016,1,"1","RENT"," 60 months",18903.3444816054
2016,1,"5","OWN"," 36 months",12197.4004424779
